1;https://guilhermedelemos.github.io/accessible/examples/banner-aria.html;2018-08-02
2;https://guilhermedelemos.github.io/accessible/examples/complementary-one-aria.html;2018-08-02
3;https://guilhermedelemos.github.io/accessible/examples/complementary-multiple-aria.html;2018-08-02
4;https://guilhermedelemos.github.io/accessible/examples/contentinfo-aria.html;2018-08-02
5;https://guilhermedelemos.github.io/accessible/examples/form-aria.html;2018-08-02
6;https://guilhermedelemos.github.io/accessible/examples/main-one-aria.html;2018-08-02
7;https://guilhermedelemos.github.io/accessible/examples/main-multiple-aria.html;2018-08-02
8;https://guilhermedelemos.github.io/accessible/examples/navigation-one-aria.html;2018-08-02
9;https://guilhermedelemos.github.io/accessible/examples/navigation-multiple-aria.html;2018-08-02
10;https://guilhermedelemos.github.io/accessible/examples/region-aria.html;2018-08-02
11;https://guilhermedelemos.github.io/accessible/examples/search-aria.html;2018-08-02